2021-05-05 17:50:45+00:00,"Missed my flight. Nothing else available today. Thanks for nothing, @SouthwestAir #MCO #GetYourselfTogether",
2021-05-05 13:55:07+00:00,@SouthwestAir if you are flying southwest out of Orlando make sure u get here early today. Huge line to check bags. Computer issue we are being told. Been in line for 30 minutes as still on other side of airport from the bag check counter.#mco #SouthwestAirlines,
2021-05-05 13:48:12+00:00,Mixed feelings about #MCO 3.0,
2021-05-05 13:41:30+00:00,Klang just went klang-kabut after the series of announcements......... #mco,
2021-05-05 12:07:55+00:00,Why can't just umum all at once? #mco,
2021-05-05 11:28:56+00:00,"Hmmmmmm.... Minister of Defence lupa to flip his pages of script ke?

#PKP #MCO #Selangor #KL",
2021-05-05 11:18:17+00:00,For now the districts are limited to Selangor and KL... We may expand if there are requests. #MCO,
2021-05-05 10:51:35+00:00,"So, another #lockdown or #mco in #Malaysia  for the next 2 weeks. I am again working from home. At least I can work on my drawing or reading while waiting for work.

I hate this.",
2021-05-05 10:37:32+00:00,Keep doing the same thing expecting diff result. Genius. #mco,"Place(fullName='Kuala Lumpur City, Kuala Lumpur Federal Territory', name='Kuala Lumpur City', type='city', country='Malaysia', countryCode='MY')"
2021-05-05 08:17:11+00:00,@cryptoknightwin @Kris_HK What is #MCO now ? and why is it out doing $CRO ?,
2021-05-05 08:08:44+00:00,"I dont get this, PKP in selangor but schools are open, bazaar ramadhan is open, meaning people can still come out of their house. So what makes the government think that this PKP is going to manage bringing down the rising figure?
#MCO 3.0 #KerajaanGagal #lockdown #Covid_19",
2021-05-05 06:34:29+00:00,Can someone male an announcement on understanding the new MCO to combat COVID 19? It is still confusing. #Malaysia #COVID19 #MCO,
2021-05-05 06:07:13+00:00,"This is not the first time the government has announced MCO. Can‚Äôt they plan out the detail SOP and then when they make the announcement, make the full SOP available online so there‚Äôs no confusion? Since the first MCO until now, they had learn nothing. #halfass #MCO #sop",
2021-05-05 05:51:46+00:00,#Dogecoins blowing up meanwhile the #CRO I staked is stale. @Kris_HK what is #mco and why is it doing way better then cro?,
2021-05-05 03:20:35+00:00,"Thank you for your comprehension and let‚Äôs together play our part to follow SOPs. Take care ‚ú®
-
#marriottputrajaya #pmh #zestlifestylerestaurant #mco #buffetdinner #kitajagakita #socialdistancing",
2021-05-05 03:09:19+00:00,"Day 414 #MCO 

For those getting vaccinated today, have a good one and congratulations.üíâüëç",
2021-05-05 02:09:50+00:00,"Is our country in a toxic relationship? It's like the ex who swears ""Let's try again, I've changed"". But turns out, it's worst. Not only we did not learn from our mistakes, we try to justify and mansplain them. Bruh, can we please grow up.

#MCO #Malaysia #confusedcitizen",
2021-05-04 20:19:04+00:00,What kind of a release cycle is #MCO ? #Malaysia #AskingForAFriend,
2021-05-04 17:59:47+00:00,"We can‚Äôt sleep, feel angry and disappointed, can‚Äôt visit my sick mom and my husband can‚Äôt visit his mom in germany, every night we curse the government, how can we keep living like this üòû #KerajaanGagal #mco #tamatdarurat",
2021-05-04 17:51:01+00:00,"Minister Confusing Order, #MCO",
2021-05-04 17:21:48+00:00,The Orlando International Airport is the 5th Ring of Hell. #MCO,
2021-05-04 17:09:36+00:00,Back to square one. #KerajaanGagal #MCO,
2021-05-04 16:05:42+00:00,"Again with the ineffective movement control orders and unclear SOPs.

It‚Äôs like 2020 never happened.

#MCO",
2021-05-04 15:55:48+00:00,"#MCO with bazar ramadan open but dine in not allow. With student can back home, people can't cross district. School can open, all biz can operate, so why we need MCO? #rediculous  #makenosense",
2021-05-04 15:25:32+00:00,"Another half assed measure, surely the result will be half assed as well #MCO",
2021-05-04 14:54:39+00:00,MCO is the best solution at the moment. Can't even imagine a fully occupied ICU wards at hospitals. #herdimmunity #COVID19 #mco #Malaysia,
2021-05-04 13:53:44+00:00,"""I know there are something I do that you don't like very much, but everything I do is for your own good"", that's in #Singapore.

Meanwhile in #Malaysia, ""I know you don't like #MCO #PKP very much, but everything I do is for your own good"".","Place(fullName='Kajang, Selangor', name='Kajang', type='city', country='Malaysia', countryCode='MY')"
2021-05-04 13:43:30+00:00,"So we are back to square 1 with #MCO 3.0

1. MCO should only be used to temporarily slowdown the spread of virus while gov build / increase the hosp / lab capacity

2. We are in MCO / #CMCO since Jan whr inter state travel is not allowed but daily cases still increase nationwide.",
2021-05-04 13:39:59+00:00,#MCO again. #Klang district. No Hari Raya. My son might not be coming home üò≠üò≠üò≠,
2021-05-04 11:32:17+00:00,"Don't take CNY and SHR compare man. You cannot deny SHR buying &amp; spending power among all. Besides #mco or not, it wouldn't have been this bad if everyone took shit seriously.
Look at people bringing their kids out like how they wanna secretly murder them.",
2021-05-04 10:48:52+00:00,This sem break I won't be doing diamond painting. I'll start crocheting instead. #mco,
2021-05-04 10:40:46+00:00,Can imagine the amount of people that lives in Selangor are getting travel letter to go to their offices in KL even tho they‚Äôre wfh #mco #KerajaaanGagal,
2021-05-04 10:32:20+00:00,Senior minister for security Ismail Sabri Yaakob said police have the power to approve or reject inter-state and district travel applications. #FMTNews #MCO #Interstate #IsmailSabri,
2021-05-04 10:25:35+00:00,First open schools then allow Ramadan bazaar in #kualalumpur . Then #mco . Why allow all this in the first place and trouble the public RIP COMMON SENSE HERE. #Malaysia,
2021-05-04 10:21:46+00:00,"Crawling in my skin
These wounds, they will not heal
Fear is how I fall
ùô≤ùöòùöóùöèùöûùöúùöíùöóùöê what is real

#PKP #PKPB #PKPD #MCO",
2021-05-04 10:00:05+00:00,Never believe anything in politics until it has been officially televised? #MCO,
2021-05-04 09:59:43+00:00,"To stay consistent with the previous #MCO, the #SOP will be released sometime in the future. Consistency is the key!",
2021-05-04 09:58:06+00:00,"You mean the same MCO ? üò´ 
#mco #COVID19",
2021-05-04 09:40:01+00:00,back into lockdown we go #selangor #MCO #darurat,
2021-05-04 09:28:15+00:00,Hearing the #mco announcement - am so confused the back and forth #pkp #pkpp #pkpd #pkpb Scream!!!!,
2021-05-04 06:36:39+00:00,"Day 413 #MCO 

Trying new things helps broaden one's mind.
And sets us on a journey of discovery.",
2021-05-04 03:08:32+00:00,I guess if #CRO is a meme coin like #doge i would of rather bought and staked other coins. Do i have this coin wrong? Does it have long term value or #mco? @Kris_HK,
2021-05-04 03:05:40+00:00,@Kris_HK Help me and my friends who believed whole heartedly in your project and invested and staked our #cro coins what this #mco is that you guys have and is worth over $20? We bought #cro thinking that was going to be the big one and so far its not done much. üßê,
2021-05-03 09:01:24+00:00,"Day 412 #MCO 

Lack of sleep and advanced age do slow people down.",
2021-05-03 04:54:20+00:00,"At the rate this useless PN administration is working, rumors are more trustworthy than what the jokers actually say #MCO",
2021-05-03 04:43:25+00:00,"#MCO 3.0 So long ppl touch here &amp; there and eat with hands, this pandemic won't end.",
2021-05-03 04:39:18+00:00,what‚Äôs the use of this #MCO NONSENSE when it ain‚Äôt implemented like the first one ever?,
2021-05-03 04:20:47+00:00,"Come to think of it, our fight against our 'enemy' now is jst by staying at home &amp; be mindful of personal physical space. 

No need to go out to actual battle field, kill anyone, or worst get killed.

We'll get thru this, little bit more sacrifice. We'll get there.

#MCO #MCO3",
2021-05-03 03:25:02+00:00,"#mco 3.0 or Not, big and wholesome #breakfast cannot miss. Pick up #overnightoats and enjoy üòã",
2021-05-03 03:22:49+00:00,"Celebration during #mco 3.0 ? 
Pick #Raya Gift Sets from us and speed delivery to youüôÇ #TasteOfLove",
2021-05-03 03:20:13+00:00,"#mco 3.0 can't stop you from showing love to your mother. Order now, before the good deal is off. #goodluck my friends.",
2021-05-03 03:19:00+00:00,"#mco 3.0 again? Well, #goodluck well, enjoy #overnightoats and chillüòã",
2021-05-03 02:50:37+00:00,@MuhyiddinYassin boss where is the announcement? #PKP3 #mco #mco3 #pkp,"Place(fullName='Tebrau, Johor', name='Tebrau', type='city', country='Malaysia', countryCode='MY')"
2021-05-03 00:34:03+00:00,"""MCO 3.0"" Just do it. Let's push it hard for one last time. please..  let's end this. üò£
 #MCO #lockdown",
2021-05-03 00:19:56+00:00,"Here's to hoping someone somewhere is creating an alternative legislative &amp; enforcement system. Koyak this current system
#KerajaanGagal
#MCO",
2021-05-02 22:02:28+00:00,"Dear Malaysian , do voice out to our government as we need to know where the fuck is this cases are coming from? Not voicing out just for Raya or any festival, we don‚Äôt want Malaysia to be the next Italy or India üôÉüíØSo please stay safe and don‚Äôt spread Covid-19  #mco",
2021-05-02 17:47:44+00:00,"@aliffspeaks_ I could not agree more if the decision is made to go into #mco 3.0 #PKP3 it must be similar if not the same as mco1.0 In general, people are just taking advantage of the freedom given irresponsibly.",
2021-05-02 15:10:47+00:00,Stupid #MCO,
2021-05-02 13:52:54+00:00,"Fuh twitter penoh kecaman, ig be like chill we can go still go out then sambung kecam kat tuiter #mco",
2021-05-02 11:42:38+00:00,#MCO 3.0?? apply to whom? Perhaps we can look forward for a new government via the window/roof üòÇü§£üòÇü§£ since back &amp; front doors are sealed tight &amp; further protected by state of emergency status,
2021-05-02 10:45:45+00:00,why did malaysia just not go to a full lockdown when cases spiked up. #mco,
2021-05-02 10:15:48+00:00,There goes my mental health all again #mco 3.0,
2021-05-02 10:10:45+00:00,"MCO 3.0 MIGHT BE IMPLEMENTED TO ""STOP"" THE SPREAD. i already know that MCO 3.0 will be a total fail. 

@MuhyiddinYassin You should learn HOW to take care of your people,not to FAIL your people.Dont LET this situation become like INDIA. 

#KerajaanGagal #MCO3 #MCO
#PKP3 #PKP",
2021-05-02 10:03:37+00:00,"I don't see the need of #mco 3.0. Just let Covid hit Malaysia. That way the people will automatically be filter out. If you get, you get. If you get, then die? Too bad. If you cure, you have antibodies.

If you really treat God seriously, you wouldn't go against his creation",
2021-05-02 07:24:50+00:00,Yet another #MCO for #Malayisa. Covid Paranoia grips the powers that be who are determined to destroy the economy one way or another for what?,
2021-05-02 06:54:21+00:00,"Day 411 #MCO 

There's no rainbow without rain
May we all find our ""rain"".",
2021-05-02 05:37:14+00:00,Haven't heard opinions from epidemiologists and virulogists about #MCO #MCO3.0,
2021-05-02 01:10:04+00:00,Best Food To Eat For #Breakfast  During #MCO,
2021-05-01 23:55:47+00:00,@thriftycars this is a terrible start to vacation. Standing in a line of 400 people for a car at MCO!? #mco #rental #CustomerService,
2021-05-01 12:22:36+00:00,"#mco 3.0? No worries, #FukitchenMalaysia opens business as usual. Order from us, we will deliver with thunder speed. :)",
2021-05-01 12:04:20+00:00,"Please impose MCO if it is the ONLY way to curb this madness. I would rather have a strict 2 weeks lockdown macam last year daripada dok buat the never-ending PKPB la, PKPD la, PKPP la, but cases still naik. Darurat pun tah apa2. #EnamTuntutan #MCO",
2021-05-01 05:55:43+00:00,"Day 410 #MCO 

Have you stopped wearing a certain attire/outfit because you didn't like it anymore? Then months pass by and you started wearing it again and suddenly like it again.

I have. Weird.",
2021-04-30 08:55:40+00:00,"@NST_Online Who cares? #Neelofa could have any contracts she wants. After breaking the #MCO, she's more famous than ever #TrustNoOne",
2021-04-30 05:25:04+00:00,"Day 409 #MCO 

You save some money to buy something you really want. Then an unexpected expense comes up and you use that money to pay for it.

That's just another kind of pain.",
2021-04-30 03:07:02+00:00,"@ChrisG_NSF Wait a minute Chris,  is that Annie the astronaut from #mco Airport in the background?.... I'm based outta there and someday I'll get the carpet socks, well maybe... üôÑ",
2021-04-29 07:29:49+00:00,"Day 408 #MCO 

It's a noisy world out there.
Appreciate the music when you hear it.",
2021-04-29 07:20:45+00:00,@KKMPutrajaya I bet some form of #MCO 3.0 is coming right after #Raya.,
2021-04-28 04:06:53+00:00,"Day 407 #MCO 

It's been 400 plus days now. More than a year.
Can't even remember if I started counting from day 1.
All I know is I've never counted days like this before so diligently. The pandemic has certainly affected us in many different ways.

Stay safe all.
üíü",
2021-04-27 17:25:14+00:00,Here's a pro tip from Flight Attendants. #Travel in the #morning to avoid any delays that might've built up throughout the day. ‚úàÔ∏è #MCO #flightattendant #tips #flying,
2021-04-27 06:56:37+00:00,"Day 406 #MCO 

A joke makes people laugh, chuckle or smile. Not anxious, apprehensive or fearful.",
2021-04-26 15:05:58+00:00,"@CopaAirlines Horrific customer service to the elderly in your flights from Orlando, my 70 year old father missed his flight because no one of you crew wanted to help him fill out an online form #agediscrimination  at #mco Florida.",
2021-04-26 07:54:52+00:00,"Day 405 #MCO 

Sometimes your body is trying to tell you something.
Pause and listen carefully. 
It's usually something important.",
2021-04-26 02:00:01+00:00,"My sug/n for #MCO #RMCO phase 3:
-Open up the economy, including interstate travel
- O/ tender and privatise #COVID19 trmt
(so...trmt IS not FREE )
- Suspected inftd to be self Q at own cost. Mandatory testg 2ce/m
-Cfm infted , RM5k fine and 2 wks Q
now that is a paradigm shift",
2021-04-25 07:21:25+00:00,"Day 404 #MCO 

Browsing on online shopping sites can be therapeutic and calming.

So long as you don't click checkout.",
2021-04-25 00:32:04+00:00,Rough evening out of #MCO tonight on #Southwest,"Place(fullName='Orlando, FL', name='Orlando', type='city', country='United States', countryCode='US')"
2021-04-24 07:26:52+00:00,"Day 403 #MCO 

Stay home if confused.",
2021-04-23 13:08:05+00:00,"She further elaborated that back at home in Malaysia, there was an increase in unintended pregnancies during the #MCO as well.",
2021-04-23 12:52:26+00:00,"During the first #MCO, people in Malaysia saw their livelihood impacted by job loss, an additional barrier to abortion services, apart from the stigma attached to it.",
2021-04-23 09:16:45+00:00,"Day 402 #MCO 

Constipation is there as a reminder not to take things for granted.",
2021-04-22 20:00:58+00:00,@Budget you all need to speed your service up.  Been in line for an hour at #mco,
2021-04-22 16:40:19+00:00,Really though? Is there anyway to get a car rental in Orlando for less than $500 for 6 passengers?!! This is insane. Kid wins a chance to dance at a competition and you go broke getting there. #crypto #help #carrental #avis #btc #dance #dollar #mco #orlando #disney,
2021-04-22 06:28:48+00:00,"Day 401 #MCO 

Always be on the lookout for the next good thing.
Simply because all good things will come to an end.",
2021-04-21 12:29:23+00:00,"No activate button on @cryptocom app. Cannot activate my card. Help! @cryptocomcs 
#CRO #crypto.com #MCO",
2021-04-21 07:44:47+00:00,"Day 400 #MCO 

Arriving anywhere just in time is a habit.
Arriving anywhere way before time is a discipline.",
2021-04-20 13:51:40+00:00,"Where can i deposit and exchange some $MCO tokens ? I have an ancient bag if anyone could help me with any advice it would be really great ! 
#MCO $MCO #BTC #cryptocurrency #help",
2021-04-20 07:06:45+00:00,@mudawangsamaju @SyedSaddiq It has been #398 #days since #first #MCO,
2021-04-20 04:51:06+00:00,"Day 399 #MCO 

We live in 2 worlds. 
Reality and the one inside our heads.",
2021-04-19 14:24:51+00:00,"When #PulseChain copies all the ERC-20 tokens, they will start with 0 value, and those with good technicals and communities will regain their fair value the fastest.
#HEX #ETH #Tether #LINK #UNI #AAVE #BNB #VEN #THETA #CRO #CEL #SNX #COMP #PAX #GRT #BAT #FEI #SNT #1INCH #MCO #WAX",
2021-04-19 13:40:24+00:00,"according to this code system, if the countries that didn‚Äôt participate in the contest in the last 6 years had eurotags, it‚Äôd look like this; 

#AND andorra üá¶üá©
#LUX luxembourg üá±üá∫ 
#MAR morocco üá≤üá¶ 
#MCO monaco üá≤üá® 
#SVK slovakia üá∏üá∞ 
#TUR turkey üáπüá∑",
2021-04-19 12:51:28+00:00,Diedie must come office. #MCO #COVID19,
2021-04-19 11:05:54+00:00,"@MrBIaze @Francisnpm Here from #MCO times and still holding. My heart is damaged and IDK if I ever feel real love again @cryptocom $CRO #CRO. I love ecosystem though. App, Card, Exchange (can‚Äôt wait Exchange App this month), Support üëåüèª.
 51% ‚ù§Ô∏è vs 49% üíî",
2021-04-19 07:38:15+00:00,"Day 398 #MCO 

Looking forward to a doctor‚Äôs appointment is really hard to do.",
2021-04-18 06:04:53+00:00,"Day 397 #MCO 

How good a weekend we have sometimes depends on how productive we've been throughout the week.",
2021-04-17 19:18:37+00:00,@SpiritAirlines it‚Äôs me again! The bag drop line at MCO is at least 100 people. Are you serious? For bag drop? Somehow I keep hoping that you‚Äôre gonna get it right. Fool me twice - shame on me!! #MCO #NeverAgain,
2021-04-17 13:34:20+00:00,"@cryptocom @Visa Still, have #MCO in my trust wallet, how can I swap it to #CRO or another coin?",
2021-04-17 05:38:48+00:00,"Day 396 #MCO 

Tone of voice is key to any meaningful and lasting relationship.
Be it at work or at home.",
2021-04-17 03:51:16+00:00,@syahredzan Its because it is no longer just political but a fact #KerajaanGagal .It's been more than 3 months of #Darurat and #Lockdown #MCO #CMCO and nearly 2 months of #VaccinationCovid19. The R-0 is trending up from 0.8 to 1.18. All they do is threatening to shut down Bazaar Ramadhan.,
2021-04-16 22:52:07+00:00,@cryptocom @Visa Anyone know where to sell the old #MCO coin?,
2021-04-16 20:00:19+00:00,"Hello! Here are the market info today :)

#Bitcoin Price: $61898.66 (-1.73%)
Bitcoin Dominance: 51.71%
Total MarketCap: $2,236,045M
Winner of the market: #MCO (+142.76%)

Have a good day :)

#crypto #market #BTC #MCO",
2021-04-16 10:03:29+00:00,"the cases again towards uncontrollable situation
#mco",
2021-04-16 05:41:20+00:00,"Day 395 #MCO 

Most times, people make people tired, not work.",
2021-04-15 12:46:22+00:00,How is it possible to not be able to get a car rental for my daughter‚Äôs dance championship for less than $500 plus tax?!! And we are a family of 6?!! #travel #help #carrental #mco #disney can anyone help here? @Avis @enterprisecares @DollarCars  @ThriftyCar @alamocares @paylesscr,
2021-04-15 08:27:26+00:00,"Govt keep fining regular citizens for silly forgivable mistakes but all the do is ‚Äúurge‚Äù these industries? 

This is f‚Äôkin poor management on so many f‚Äôkin levels it‚Äôs embarrassing! People are moving forward and we‚Äôre still here taking one step forward two steps back! 

#mco",
2021-04-15 05:11:20+00:00,"Day 394 #MCO 

When you sit at your desk to get some work done and distracting thoughts start to come into your mind, write those thoughts down so you can attend to them later.

One sentence max per thought.
You'd be amazed how quickly this frees up your mind.",
2021-04-14 04:48:23+00:00,"Day 393 #MCO 

Am beginning to suspect nightmares are designed to wake us up before we oversleep.",
2021-04-13 05:48:16+00:00,"Day 392 #MCO 

May the month of Ramadhan bring you strength, patience, focus and compassion.",
2021-04-12 16:01:48+00:00,Another trip to Florida üôÑüòÇ And to my least favorite airport in the world! #MCO,
2021-04-12 12:14:55+00:00,"For those curious....
BLR-MCO market= 67 per week O&amp;D Passengers for the year ending JUNE'20;
Growth= +38% growth;
O&amp;D yield:-
Cent/mile= 8.54 (highest among üáÆüá≥)
Yield Growth= 10.3%;
BLR-MCO Pax Market Share:-
1) Emirates= 61%
2) Lufthansa= 17%
#Avgeek #MCO #BLR",
2021-04-12 07:21:36+00:00,"Day 391 #MCO 

Coffee.

Before you know it, it's Monday again.
And in the blink of an eye, it's Ramadan tomorrow.",
2021-04-12 03:00:16+00:00,Investing in #cryptocurrency üîêüí∞#MCO #Crypto #Bitcoin #Binance #Coinbase #RubySteelCard #Fiat,
2021-04-11 20:18:06+00:00,@KoroushAK #CRO /BTC pair after #MCO,
2021-04-11 05:56:38+00:00,"Day 390 #MCO 

Coffee.

Relax, it's Sunday.",
2021-04-11 00:48:52+00:00,Way to social distance @SouthwestAir ..4 flights scheduled to leave within 1 hour at the same gate..makes for lots of people!  #MCO #Delays,
2021-04-11 00:23:42+00:00,@SpiritAirlines hey what‚Äôs the problem at #MCO!! Loads of people jammed into one carousel and you‚Äôre only just NOW delivering bags from a 430 flight? We flew you this time. Never again. #NoSpirit,
2021-04-10 22:23:08+00:00,True love is going through standard screening when you have Pre‚úîÔ∏è. #mco #orlandointernational #tsa,
2021-04-10 17:43:42+00:00,If no one can possibly trade #MCO then how is the price moving?? Is this fake?? #trade #cryptotrading #Cryptocom #mco #cro,
2021-04-10 17:33:21+00:00,"@nebkas_ro Hehe, waiting for that day for sure ;) If I would hold basically anything else than #MCO &amp; #CRO I would already have a hangover üòÄ",
2021-04-10 17:03:17+00:00,I wish airport lounges were like libraries where people just kept to themselves. People are so loud and oblivious to other people being around. #deltaskyclub #mco,"Place(fullName='Orlando, FL', name='Orlando', type='city', country='United States', countryCode='US')"
2021-04-10 07:03:51+00:00,"Day 389 #MCO 

Coffee.

Always endeavour to deliver the best you can.

Whether in business or in life.",
2021-04-09 19:10:04+00:00,Here's a pro tip from Flight Attendants. #Travel in the #morning to avoid any delays that might've built up throughout the day. ‚úàÔ∏è #MCO #flightattendant #tips #flying,
2021-04-09 06:02:00+00:00,@SallehKeruak Can Go for holidays during #MCO?,
2021-04-09 04:09:37+00:00,"Day 388 #MCO 

Coffee. 

Traffic in the city is back to normal. Crawling speed.",
2021-04-08 07:20:50+00:00,"Day 387 #MCO 

Coffee.

Funny how we don't use stuff lying around the house but suddenly need to use it when it's not around anymore.",
2021-04-07 21:49:13+00:00,@Jason_Garcia @AnnaForFlorida The corruption continues. #Desantis #Mattgaetz #MCO,
2021-04-07 13:45:07+00:00,Here's a pro tip from Flight Attendants. #Travel in the #morning to avoid any delays that might've built up throughout the day. ‚úàÔ∏è #MCO #flightattendant #tips #flying,
2021-04-07 08:33:57+00:00,"Day 386 #MCO 

Coffee.

It‚Äôs so satisfying when it rains and you have bird poo on the windscreen and parts of the car.

Easy clean!",
2021-04-06 16:59:09+00:00,@CoinMarketCap What the hell is #mco doing on this list? It's been some time now since it was converted to #cro,
2021-04-06 12:58:59+00:00,@MCO @flyavlnow Cheers! #MCO #Orlando,
2021-04-06 09:06:00+00:00,"Day 385 #MCO 

Coffee.

Sometimes more interesting things happen online than in real life.",
2021-04-06 04:51:49+00:00,@CoinMarketCap Is #MCO a joke ?,
2021-04-06 01:08:56+00:00,@MattWalshBlog Dang #MCO that some beef ü•©,
2021-04-05 20:56:55+00:00,"#Walking into work over #MCO  #airport, people walking up and down I mean half every person had no #mask on or #wearing #mask like a face chin. It was like #COVID19 does not exists anymore",
2021-04-05 19:58:24+00:00,@cryptocomcs @MsScotsCrypto77 I got the same reply. No help whatsoever but to ask me to look for other exchanges to sell #MCO. But can't find any exchanges who allows $MCO to be traded.,
2021-04-05 16:30:43+00:00,I would be pissed if I couldn‚Äôt buy #XRP right now...üöÄüöÄüöÄüöÄüöÄüöÄüöÄ #BTC #TRX #VXG #LTC #ETH #XRP #EOS #BCH #BNB #XLM #ADA #BSV #XMR #MIOTA #DASH #MKR #NEO #ONT #ETC #HT #XEM #ZEC #OKB #CRO #XRZ #VET #WAVES #BAT #QTUM #BTG #DGD #BCD #MCO #BTG,
2021-04-05 15:20:33+00:00,What‚Äôs your favorite‚ÄùBitcoin on Defi‚Äù project?  #BTC #TRX #VXG #LTC #ETH #XRP #EOS #BCH #BNB #XLM #ADA #BSV #XMR #MIOTA #DASH #MKR #NEO #ONT #ETC #HT #XEM #ZEC #OKB #CRO #XRZ #VET #WAVES #BAT #QTUM #BTG #DGD #BCD #MCO #BTG,
2021-04-05 06:44:07+00:00,"Day 384 #MCO 

Coffee.

Days of the week are colourless.
Happy Monday.",
2021-04-05 02:54:30+00:00,@cryptofrogs Good for you. #MCO $mco token holders are stuck now.,
2021-04-05 02:09:27+00:00,"@VThowProperties Oh wow that is interesting, I own half of an #MCO lol, I use to have quite a few but traded them for #CEL and I don‚Äôt regret it lol.",
2021-04-04 23:03:16+00:00,"@cryptofrogs But if you own #mco $mco tokens, you can't do anything with it except watch it grow/fluctuate.",
2021-04-04 22:51:01+00:00,@cryptocom @Visa What can I do with my #mco $mco tokens? No exhanges allow to trade.,
2021-04-04 20:00:31+00:00,"Hello! Here are the market info today :)

#Bitcoin Price: $58411.79 (-0.88%)
Bitcoin Dominance: 56.44%
Total MarketCap: $1,931,732M (+0.01%)
Winner of the market: #MCO (+444.65%)

Have a good day :)

#crypto #market #BTC #MCO",
2021-04-04 04:39:23+00:00,Only hours left. $0.007 #NPXS will be $6.88 #Pundix üëÄ      #BTC #TRX #VXG #LTC #ETH #XRP #EOS #BCH #BNB #XLM #ADA #BSV #XMR #MIOTA #DASH #MKR #NEO #ONT #ETC #HT #XEM #ZEC #OKB #CRO #XRZ #VET #WAVES #BAT #QTUM #BTG #DGD #BCD #MCO #BTG,
2021-04-04 04:30:43+00:00,"Day 383 #MCO 

Coffee.

Happy Easter.",
2021-04-03 12:55:11+00:00,"People in the mall : fu*k social distance
 
 Same people when cases goes high : fu*k people . 

 Few weeks later Govt: you all fu*k each other at home for a month .  #lockdown #COVID #mco",
2021-04-03 11:23:07+00:00,Shame on #MCO with no full service restaurants open in the airport during spring break. Many fast food outlets closed too.,
2021-04-03 09:29:17+00:00,@CryptoGParty @cryptocom @binance @Kris_HK @cz_binance They were together as binance listed #mco at that time. On app we still can buy BNB so either way like you said. List or delist üòÖ,
2021-04-03 09:27:36+00:00,"Day 382 #MCO 

Coffee.

We all need some alone time to relax or rejuvenate.
Alone time in an alone space is precious.",
2021-04-02 23:00:19+00:00,@naomirwolf @ShannonJoyRadio @stevegrubershow @RonDeSantisFL The only problem is the FAA and the airlines may require it to be airborne.  #MIA #ECP #PNS #MCO #FLL #PBI #JAX #SRQ #RSW,
2021-04-02 21:44:52+00:00,"TSA pushing everyone together, no social distancing #mco #orlandoairport",
2021-04-02 21:02:02+00:00,"Shoutout to @MCO TSA agent in B terminal (didn‚Äôt get his nameü§¶üèº‚Äç‚ôÄÔ∏è) for keeping the magic alive and chatting up my nervous daughter about Pua, the unsung hero of Moana. ‚ù§Ô∏èüèÜüëçüèªüôèüèª#notallheroeswearcapes #mco #tsamco #mcotsa",
2021-04-02 15:15:09+00:00,"Cost to fly R/T from #EWR to #MCO for two people and rent a car for 1 week ~$800.  Cost to take the @Amtrak  autotrain from Virginia to Orlando returning in 1 week (with a room on the train both ways since it's overnight) ~$2,400.  This is just ridiculous!",
2021-04-02 06:33:00+00:00,"Day 381 #MCO 

Coffee.

Survival is fundamental.
Thriving is transformational.",
2021-04-01 18:05:53+00:00,@Bouillaka_CF @cryptocom @Kris_HK It has been 3 years still remember I checked my position and waited for the card every day for almost 3 years. Didn‚Äôt expect they drop #mco. Many early investors lost money because of this.,
2021-04-01 06:17:07+00:00,"Day 380 #MCO 

Coffee.

Our past plays an important role for us to chart our future.
Learn from the past, live in the present, design our own future.",
2021-03-31 12:38:07+00:00,"$APHA is a #MCO thus we should make a #MCOgang.

Multi-Country-Operator. Sounds like bigger TAM than Multi-STATE(1 Country)-Operator to me :\ but who am I to say - just a tape reader.",
2021-03-31 06:23:53+00:00,"Day 379 #MCO 

Coffee.

This pandemic has affected everyone.
While my story may differ from yours, the scars we carry are the same.",
2021-03-30 20:01:17+00:00,@TSA - your team at #MCO is üî•. Big shout out to the team near gates 100-129 today.,
2021-03-30 10:30:26+00:00,"Day 378 #MCO 

Coffee (3rd cup).

Having a productive day before the sun sets is the best feeling in the world.",
2021-03-29 07:00:27+00:00,"Violators of the movement control order (#MCO) should be permitted to attend interviews and advocacy sessions instead of being issued compound notices for RM10,000, Lim Guan Eng said today.",
2021-03-29 03:53:25+00:00,"Day 377 #MCO 

Coffee.

Power can really consume a person.
Any person, anywhere.",
2021-03-28 17:45:22+00:00,The opening up of the economy or relaxation of the #MCO rules is most probably a zero sum game between the delivery business and the other service providers judging by the crowd at malls and restaurants .. but don't forget #kitajagakita #malaysiaku,
2021-03-28 04:43:49+00:00,"Day 376 #MCO 

Coffee.

Only the mind can fight mental fatigue.",
2021-03-27 06:09:06+00:00,"Day 375 #MCO 

Coffee.

Numbers is the name of the game.
Any game.",
2021-03-27 01:12:43+00:00,At McCoy‚Äôs #mco #mcohyatt restaurant. Server Carlos is the best!,
2021-03-26 07:34:48+00:00,"Day 374 #MCO 

Coffee.

Do not let other people's mood bring your own mood down.
That is strength.",
2021-03-25 05:39:48+00:00,"Day 373 #MCO 

Coffee.

Feeding the mind is just as important as feeding the stomach.",
2021-03-24 20:51:01+00:00,@MCO @AerLingus @manairport It‚Äôs always great to see Nonstop Flights from Europe/UK to #mco. I really hope that LH464 from Frankfurt returns as soon as possible. @Lufthansa_DE,
2021-03-24 00:24:34+00:00,"Day 373 #MCO 

Coffee.

Woke up at 6am two days in a row. Was looking forward to see the break of dawn and the sun rise. Missed it both days because was in the shower. 

When it's gone, it's gone. 
Try not to miss anything in life.",
2021-03-23 05:25:36+00:00,"Day 372 #MCO 

Coffee.

Murphy's law: Anything that can go wrong will go wrong.
This law extends to online/virtual events as well.

Don't be too hard on yourself, blame it on Mr. Murphy.",
2021-03-22 12:13:10+00:00,"@TeminatorTrader @KhironLife Lots of #MSO talk, this one is a #MCO ! We can expect Mexico and Brazil by year end",
2021-03-22 05:04:37+00:00,"Day 371 #MCO 

Coffee.

Early to bed, early to rise.
Late to bed, late to rise.
Early or late, to rise is a blessing.",
2021-03-21 23:45:17+00:00,"Easy, pleasant experience with #tsa at #mco. The first agent looked straight at my kid and warned him to unpack his Switch for the scanners. I got the pat down and had to warn Agent 2 I was ticklish. Love the safety and kindness!",
2021-03-21 04:19:55+00:00,"Day 370 #MCO 

Coffee.

High expectations of anything can be highly stressful.",
2021-03-20 07:27:52+00:00,"Day 369 #MCO 

Coffee.

Free car wash.
#rain",
2021-03-19 17:08:02+00:00,And that's a wrap-up for our live conference tonight! Thank you once again for your support! #Webinars2021 #MCO @PropharmaMS,
2021-03-19 06:44:03+00:00,"Day 368 #MCO 

Coffee.

Look out for one another.",
2021-03-18 22:11:13+00:00,Flight booked‚úàÔ∏è #MCO,
2021-03-18 14:03:01+00:00,"18.03.2021

Today is the 1st anniversary of the MCO. What we have learned for the past year?

#PKP
#MCO",
2021-03-18 12:58:50+00:00,"Today marks the anniversary of the 1st Covid19 lockdown in Malaysia. The first couple of months were eerie, but then restrictions were eased &amp; the number of cases dropped.  Domestic travel was üëåbut then came the Sabah election, a huge 3rd wave &amp; MCO2.0. #MCO",
2021-03-18 12:17:48+00:00,18 March 2021. Memory for our life. Whole world pandemic. #COVID19 #MCO,
2021-03-18 11:39:17+00:00,"I saw many post about celebrating one year of #MCO . However, what is the main takeaway from this ?
What have you learned after one year? 

Did you improve yourself as a person , nevermind a professional .",
2021-03-18 09:52:03+00:00,"Happy 1 year anniversary to us all.

#COVID19 #WFHAnniversary #wfo #FlattenTheCurve (then)
#StayHome #StaySafe
#MCO #CMCO #RMCO #18March2020",
2021-03-18 09:00:41+00:00,"To celebrate the one-year anniversary of MCO, I did a drive-through COVID-19 test #mco #covid19 #COVID19Malaysia",
2021-03-18 08:35:40+00:00,"Happy 1st Year MCO Anniversary üéÅ
#MCO
#PKP",
2021-03-18 08:09:39+00:00,"Day 367 #MCO 

Coffee.

The more you give, the more you receive.
Just one of the ways to fulfilment.",
2021-03-18 08:02:18+00:00,"Happy Anniversary PKP...üò∑
#COVID19 #pkp #MCO",
2021-03-18 06:42:16+00:00,Happy Quarantiniversary! üòÖ #mco  #Quarantine #Anniversary,
2021-03-18 05:01:02+00:00,Happy 1st and hopefully last anniversary #MCO,
2021-03-18 04:54:55+00:00,Happy birthday! #MCO,
2021-03-18 03:53:37+00:00,"First thing that catches my attention from #PEMERKASA - no more nationwide #MCO !! With all the data we have, should be easy to implement targeted MCO.

Next on wish list - no more restrictions on interstate travel.",
2021-03-18 03:50:21+00:00,"Happy 1 year anniversary, PKP!

And happy 1 year WFH anniversary to Geng Landyard~

@KLCCElevators
#PKP #MCO #PKPANNIVERSARY #MCOANNIVERSARY","Place(fullName='Dengkil, Selangor', name='Dengkil', type='city', country='Malaysia', countryCode='MY')"
2021-03-18 03:45:33+00:00,"Damnnn it's been a year since #MCO started., Missing of not doing anything for the whole day and sleeping non stopüòÇ",
2021-03-18 03:39:31+00:00,"Happy 1st anniversary MCO everybodyüòå
#mco #PKP #pkp2020 #pkpalready1year #18March #18marchpkp",
2021-03-18 01:52:12+00:00,1 year today since the Movement Control Order (MCO) kicked off in Malaysia. #COVID19 #MCO #PKP,
2021-03-18 01:41:14+00:00,Happy Birthday #MCO üéÇ,
2021-03-18 01:05:26+00:00,Happy Anniversary #MCO #Malaysia #PKP,
2021-03-18 00:43:29+00:00,"On the 2021-03-12
 -&gt; MCDANIEL RAYMOND W (President and CEO) sold 3.14M worth of $MCO stocks
#MCO #SEC #FROM4 #BoardSellingStocks",
2021-03-17 23:03:39+00:00,Happy anniversary! #MCO,
2021-03-17 22:40:12+00:00,"It's been a year #MCO 
Good morning üíú",
2021-03-17 18:06:46+00:00,‚Äúmultiple country operator‚Äù $HCANF #MCO #MSO,
2021-03-17 17:49:43+00:00,Happy anniversary #MCO malaysia,
2021-03-17 16:53:36+00:00,"Happy 1 year MCO Anniversary gaiiiss ü•Ç

#Malaysia #MCO335 #MCO #Lockdown",
2021-03-17 16:29:37+00:00,"On this day, one year ago, Malaysia went into lockdown (18 March 2020) #MCO",
2021-03-17 16:18:31+00:00,So fuckin hell. Today literally a year working from home. Last year this date Tuesday. #mco #COVID19,
2021-03-17 16:08:54+00:00,"Happy 1st Anniversary, #MCO 
Happy Birthday, #MCO ? ü§£",
2021-03-17 16:03:51+00:00,Happy 1 yearversary to this blarney of a situation we in. #MCO #Covid19,
2021-03-17 16:02:51+00:00,"Happy Birthday PKP !
18 March

#PKP 
#MCO
#PKPB 
#PKPP
#COVID19",
2021-03-17 16:01:53+00:00,Happy 1st Year Anniversary #MCO 18/3/20 - 18/3/21 üôèüèº,
2021-03-17 15:25:38+00:00,"less than one hour left. tomorrow is the one year lockdown, stay at home anniversary. happy alcoholism! #May18th #MCO",
2021-03-17 09:20:01+00:00,"At about this time one year ago, I saw:

i. panic buying, long lines at hypermarkets.
ii. business operators, owners preparing to shut down/WFH.
iii. horrible traffic.

#MCO #Covid19",
2021-03-17 07:14:14+00:00,"Day 366 #MCO 

Coffee.

Completed 3 meetings already.
All from home.
Gotta love tech.üíü",
2021-03-17 04:15:38+00:00,"Tomorrow is my birthday and one year anniversary of MCO 
#birthdaygirl #mco #march18 #marchagain",
2021-03-17 01:11:39+00:00,"Today last year is a last day of ""freedom"" before we entered #mco and we are still in one a year later üò≠üôà",
2021-03-16 13:19:33+00:00,"A year ago today, the announcement that made the nation went to a mess where we had only a day to prepare for the unforeseen 3 months of #MCO","Place(fullName='Petaling, Wilayah Persekutuan Kuala Lumpur', name='Petaling', type='city', country='Malaysia', countryCode='MY')"
2021-03-16 12:11:24+00:00,@dytiaaurinh Dah increase ICU capacity kot. #sangkabaik #COVID #MCO,
2021-03-16 01:22:21+00:00,"Day 365 #MCO 

Coffee.

1 year MCO. Everything has changed except the coffee.",
